# arc_length,T
0,426.799988
0.0000606672838,438.254059
0.000121333636,449.369995
0.000181999989,460.068787
0.000242667273,470.3974
0.000303333625,480.39389
0.000363999978,490.091583
0.000424667262,499.518921
0.000485333614,508.702362
0.000545999967,517.663269
0.00060666725,526.422485
0.000667333603,534.995178
0.000727999955,543.397522
0.000788667239,551.641968
0.000849333592,559.739136
0.000909999944,567.695129
0.000970667228,575.526123
0.00103133358,583.241089
0.00109199993,590.84729
0.00115266722,598.346008
0.00121333357,605.747925
0.00127399992,613.060852
0.00133466721,620.289612
0.00139533356,627.432129
0.00145599991,634.501587
0.00151666719,641.500916
0.00157733355,648.426208
0.0016379999,655.289856
0.00169866718,662.091614
0.00175933354,668.831726
0.00181999989,675.519165
0.00188066717,682.149048
0.00194133352,688.72876
0.00200199988,695.257812
0.00206266716,701.739563
0.00212333351,708.17511
0.00218399987,714.563843
0.00224466715,720.912415
0.0023053335,727.215149
0.00236599986,733.479553
0.00242666714,739.701416
0.00248733349,745.886719
0.00254799984,752.031311
0.00260866713,758.139832
0.00266933348,764.211426
0.00272999983,770.246399
0.00279066712,776.247131
0.00285133347,782.210327
0.00291199982,788.142944
0.00297266711,794.038513
0.00303333346,799.901917
0.00309399981,805.734314
0.00315466709,811.530579
0.00321533345,817.297729
0.0032759998,823.032654
0.00333666708,828.734924
0.00339733344,834.408813
0.00345800072,840.051208
0.00351866707,845.66217
0.00357933342,851.245728
0.00364000071,856.800598
0.00370066706,862.323486
0.00376133341,867.819458
0.0038220007,873.289001
0.00388266705,878.7276
0.0039433334,884.139465
0.00400400069,889.525146
0.00406466704,894.884949
0.00412533339,900.21582
0.00418600067,905.520386
0.00424666703,910.799805
0.00430733338,916.05481
0.00436800066,921.282898
0.00442866702,926.484314
0.00448933337,931.661499
0.00455000065,936.813904
0.00461066701,941.941895
0.00467133336,947.044983
0.00473200064,952.121887
0.00479266699,957.175171
0.00485333335,962.20459
0.00491400063,967.210815
0.00497466698,972.193298
0.00503533334,977.152832
0.00509600062,982.087097
0.00515666697,986.997253
0.00521733332,991.884766
0.00527800061,996.750488
0.00533866696,1001.59302
0.00539933331,1006.41229
0.0054600006,1011.20782
0.00552066695,1015.97852
0.0055813333,1020.7298
0.00564200059,1025.4613
0.00570266694,1030.1687
0.00576333329,1034.85352
0.00582399964,1039.51904
0.00588466786,1044.1615
0.00594533421,1048.78064
0.00600600056,1053.37915
0.00606666692,1057.95801
0.00612733327,1062.5144
0.00618799962,1067.05139
0.00624866784,1071.57166
0.00630933419,1076.07202
0.00637000054,1080.5509
0.00643066689,1085.01147
0.00649133325,1089.45239
0.0065519996,1093.87231
0.00661266781,1098.27466
0.00667333417,1102.66125
0.00673400052,1107.02893
0.00679466687,1111.37939
0.00685533322,1115.71143
0.00691599958,1120.02637
0.00697666779,1124.32629
0.00703733414,1128.60852
0.0070980005,1132.87366
0.00715866685,1137.12402
0.0072193332,1141.35999
0.00727999955,1145.58142
0.00734066777,1149.78857
0.00740133412,1153.98132
0.00746200047,1158.15991
0.00752266683,1162.32471
0.00758333318,1166.47546
0.00764399953,1170.61182
0.00770466775,1174.73413
0.0077653341,1178.84668
0.00782600045,1182.94629
0.0078866668,1187.03259
0.00794733316,1191.10815
0.00800799951,1195.17261
0.00806866772,1199.22559
0.00812933408,1203.26953
0.00819000043,1207.30396
0.00825066678,1211.32568
0.00831133313,1215.33728
0.00837199949,1219.33618
0.0084326677,1223.32593
0.00849333405,1227.30701
0.00855400041,1231.2793
0.00861466676,1235.24304
0.00867533311,1239.19788
0.00873599946,1243.14001
0.00879666768,1247.07275
0.00885733403,1250.99695
0.00891800039,1254.91284
0.00897866674,1258.82068
0.00903933309,1262.72021
0.00909999944,1266.61169
0.00916066766,1270.49377
0.00922133401,1274.36719
0.00928200036,1278.23254
0.00934266672,1282.08838
0.00940333307,1285.93408
0.00946399942,1289.77185
0.00952466764,1293.59985
0.00958533399,1297.41699
0.00964600034,1301.22546
0.00970666669,1305.02649
0.00976733305,1308.8197
0.0098279994,1312.59973
0.00988866761,1316.3689
0.00994933397,1320.12756
0.0100100003,1323.8761
0.0100706667,1327.61462
0.010131333,1331.3396
0.0101920012,1335.05457
0.0102526676,1338.75964
0.0103133339,1342.45435
0.0103740003,1346.13452
0.0104346666,1349.80286
0.010495333,1353.46179
0.0105560012,1357.1095
0.0106166676,1360.74158
0.0106773339,1364.3573
0.0107380003,1367.96143
0.0107986666,1371.55286
0.010859333,1375.12988
0.0109200012,1378.69055
0.0109806675,1382.23999
0.0110413339,1385.77734
0.0111020003,1389.30042
0.0111626666,1392.8042
0.011223333,1396.29272
0.0112840012,1399.76697
0.0113446675,1403.22571
0.0114053339,1406.66736
0.0114660002,1410.0929
0.0115266666,1413.50256
0.0115873329,1416.89465
0.0116480011,1420.27014
0.0117086675,1423.63037
0.0117693339,1426.97266
0.0118300002,1430.29382
0.0118906666,1433.59973
0.0119513329,1436.89026
0.0120120011,1440.15747
0.0120726675,1443.40698
0.0121333338,1446.64185
0.0121940002,1449.85718
0.0122546665,1453.05164
0.0123153329,1456.23071
0.0123760011,1459.39185
0.0124366675,1462.52637
0.0124973338,1465.64539
0.0125580002,1468.74902
0.0126186665,1471.82471
0.0126793329,1474.88525
0.0127400011,1477.93115
0.0128006674,1480.94739
0.0128613338,1483.94592
0.0129220001,1486.92859
0.0129826665,1489.88306
0.0130433328,1492.8197
0.0131040011,1495.74133
0.0131646674,1498.63501
0.0132253338,1501.50952
0.0132860001,1504.36816
0.0133466665,1507.19519
0.0134073328,1510.005
0.013468001,1512.79907
0.0135286674,1515.56104
0.0135893337,1518.30652
0.0136500001,1521.03235
0.0137106664,1523.72632
0.0137713328,1526.40576
0.013832001,1529.06445
0.0138926674,1531.69336
0.0139533337,1534.30664
0.0140140001,1536.89258
0.0140746664,1539.45679
0.0141353328,1542.00659
0.014196001,1544.51807
0.0142566673,1547.01416
0.0143173337,1549.49182
0.0143780001,1551.93823
0.0144386664,1554.37036
0.0144993346,1556.77539
0.014560001,1559.1554
0.0146206673,1561.52075
0.0146813337,1563.8479
0.014742,1566.1615
0.0148026664,1568.45312
0.0148633346,1570.71655
0.0149240009,1572.96643
0.0149846673,1575.18201
0.0150453337,1577.37976
0.015106,1579.55493
0.0151666664,1581.69873
0.0152273346,1583.82971
0.0152880009,1585.92773
0.0153486673,1588.00879
0.0154093336,1590.06726
0.01547,1592.09644
0.0155306663,1594.11353
0.0155913346,1596.09387
0.0156520009,1598.05969
0.0157126673,1599.99854
0.0157733336,1601.91284
0.015834,1603.81335
0.0158946663,1605.67896
0.0159553345,1607.53418
0.0160160009,1609.35925
0.0160766672,1611.16565
0.0161373336,1612.95032
0.0161979999,1614.70435
0.0162586663,1616.44653
0.0163193345,1618.15051
0.0163800009,1619.84546
0.0164406672,1621.51172
0.0165013336,1623.16077
0.0165619999,1624.78833
0.0166226663,1626.38831
0.0166833345,1627.97449
0.0167440008,1629.52698
0.0168046672,1631.07153
0.0168653335,1632.58167
0.0169259999,1634.08008
0.0169866662,1635.54993
0.0170473345,1637.00208
0.0171080008,1638.43469
0.0171686672,1639.84119
0.0172293335,1641.23425
0.0172899999,1642.5946
0.0173506662,1643.94836
0.0174113344,1645.26611
0.0174720008,1646.57776
0.0175326671,1647.85681
0.0175933335,1649.12427
0.0176539999,1650.36499
0.0177146662,1651.58911
0.0177753344,1652.79199
0.0178360008,1653.97485
0.0178966671,1655.1427
0.0179573335,1656.28491
0.0180179998,1657.41541
0.0180786662,1658.51428
0.0181393344,1659.60535
0.0182000007,1660.66565
0.0182606671,1661.72266
0.0183213335,1662.74341
0.0183819998,1663.76086
0.0184426662,1664.74304
0.0185033344,1665.71997
0.0185640007,1666.66895
0.0186246671,1667.60999
0.0186853334,1668.52368
0.0187459998,1669.42676
0.0188066661,1670.30273
0.0188673344,1671.16736
0.0189280007,1672.00867
0.0189886671,1672.83826
0.0190493334,1673.64771
0.0191099998,1674.44348
0.019170668,1675.21887
0.0192313343,1675.979
0.0192920007,1676.7179
0.019352667,1677.4425
0.0194133334,1678.14795
0.0194739997,1678.83923
0.019534668,1679.51147
0.0195953343,1680.1698
0.0196560007,1680.80908
0.019716667,1681.43518
0.0197773334,1682.04199
0.0198379997,1682.63562
0.0198986679,1683.20752
0.0199593343,1683.76868
0.0200200006,1684.30859
0.020080667,1684.83997
0.0201413333,1685.35059
0.0202019997,1685.85315
0.0202626679,1686.32996
0.0203233343,1686.80139
0.0203840006,1687.24695
0.020444667,1687.68958
0.0205053333,1688.10437
0.0205659997,1688.51892
0.0206266679,1688.90308
0.0206873342,1689.28723
0.0207480006,1689.64368
0.0208086669,1689.99744
0.0208693333,1690.32507
0.0209299996,1690.64648
0.0209906679,1690.94897
0.0210513342,1691.24304
0.0211120006,1691.52039
0.0211726669,1691.78491
0.0212333333,1692.03589
0.0212939996,1692.26892
0.021354666,1692.49365
0.0214153323,1692.69775
0.0214759987,1692.89807
0.0215366688,1693.07349
0.0215973351,1693.2489
0.0216580015,1693.39478
0.0217186678,1693.53955
0.0217793342,1693.66199
0.0218400005,1693.77856
0.0219006669,1693.87976
0.0219613332,1693.97083
0.0220219996,1694.04968
0.0220826659,1694.11084
0.0221433323,1694.16663
0.0222039986,1694.20044
0.0222646687,1694.23425
0.0223253351,1694.24158
0.0223860014,1694.24829
0.0224466678,1694.23315
0.0225073341,1694.21082
0.0225680005,1694.17603
0.0226286668,1694.12939
0.0226893332,1694.07581
0.0227499995,1694.00281
0.0228106659,1693.92969
0.0228713322,1693.82629
0.0229319986,1693.72278
0.0229926687,1693.60046
0.023053335,1693.47119
0.0231140014,1693.3313
0.0231746677,1693.17871
0.0232353341,1693.02173
0.0232960004,1692.84155
0.0233566668,1692.66125
0.0234173331,1692.45789
0.0234779995,1692.25049
0.0235386658,1692.02966
0.0235993322,1691.79749
0.0236600023,1691.55994
0.0237206686,1691.3031
0.023781335,1691.04626
0.0238420013,1690.76807
0.0239026677,1690.48694
0.023963334,1690.19189
0.0240240004,1689.88452
0.0240846667,1689.57263
0.0241453331,1689.23938
0.0242059994,1688.90601
0.0242666658,1688.55371
0.0243273322,1688.19666
0.0243880022,1687.82886
0.0244486686,1687.44629
0.0245093349,1687.06311
0.0245700013,1686.6554
0.0246306676,1686.24768
0.024691334,1685.82568
0.0247520003,1685.39502
0.0248126667,1684.95911
0.0248733331,1684.50378
0.0249339994,1684.04834
0.0249946658,1683.57373
0.0250553321,1683.09387
0.0251160022,1682.60632
0.0251766685,1682.10425
0.0252373349,1681.60205
0.0252980012,1681.07837
0.0253586676,1680.55212
0.0254193339,1680.01477
0.0254800003,1679.46265
0.0255406667,1678.91064
0.025601333,1678.33594
0.0256619994,1677.7605
0.0257226657,1677.17468
0.0257833321,1676.57788
0.0258440021,1675.98096
0.0259046685,1675.36145
0.0259653348,1674.74146
0.0260260012,1674.10974
0.0260866676,1673.46497
0.0261473339,1672.82007
0.0262080003,1672.15369
0.0262686666,1671.48621
0.026329333,1670.80933
0.0263899993,1670.11938
0.0264506657,1669.42957
0.026511332,1668.71851
0.0265720021,1668.00452
0.0266326685,1667.28296
0.0266933348,1666.54504
0.0267540012,1665.80713
0.0268146675,1665.05298
0.0268753339,1664.29333
0.0269360002,1663.53015
0.0269966666,1662.74902
0.0270573329,1661.96802
0.0271179993,1661.17346
0.0271786656,1660.36914
0.027239332,1659.56482
0.0273000021,1658.73816
0.0273606684,1657.91101
0.0274213348,1657.07642
0.0274820011,1656.22839
0.0275426675,1655.38037
0.0276033338,1654.51599
0.0276640002,1653.64551
0.0277246665,1652.77295
0.0277853329,1651.8783
0.0278459992,1650.98364
0.0279066656,1650.07947
0.0279673357,1649.16272
0.028028002,1648.24597
0.0280886684,1647.31274
0.0281493347,1646.37427
0.0282100011,1645.43396
0.0282706674,1644.47388
0.0283313338,1643.51379
0.0283920001,1642.54468
0.0284526665,1641.56152
0.0285133328,1640.57825
0.0285739992,1639.58057
0.0286346655,1638.57629
0.0286953356,1637.5719
0.028756002,1636.54553
0.0288166683,1635.51855
0.0288773347,1634.48608
0.028938001,1633.43652
0.0289986674,1632.38696
0.0290593337,1631.32727
0.0291200001,1630.25732
0.0291806664,1629.18738
0.0292413328,1628.1012
0.0293019991,1627.00916
0.0293626655,1625.91711
0.0294233356,1624.80396
0.0294840019,1623.69019
0.0295446683,1622.57214
0.0296053346,1621.43494
0.029666001,1620.29773
0.0297266673,1619.15234
0.0297873337,1617.9939
0.029848,1616.83545
0.0299086664,1615.66479
0.0299693327,1614.48523
0.0300299991,1613.30554
0.0300906654,1612.11023
0.0301513355,1610.90979
0.0302120019,1609.70935
0.0302726682,1608.4884
0.0303333346,1607.2655
0.0303940009,1606.04114
0.0304546673,1604.79614
0.0305153336,1603.55115
0.030576,1602.30164
0.0306366663,1601.03467
0.0306973327,1599.7677
0.030757999,1598.49365
0.0308186654,1597.20496
0.0308793355,1595.91626
0.0309400018,1594.61816
0.0310006682,1593.30811
0.0310613345,1591.99792
0.0311220009,1590.67651
0.0311826672,1589.34521
0.0312433336,1588.01379
0.0313040018,1586.66956
0.0313646644,1585.31726
0.0314253345,1583.96497
0.0314859971,1582.59729
0.0315466672,1581.22241
0.0316073373,1579.84741
0.0316679999,1578.45752
0.03172867,1577.06213
0.0317893326,1575.66675
0.0318500027,1574.25439
0.0319106653,1572.83704
0.0319713354,1571.41968
0.032031998,1569.9834
0.0320926681,1568.5426
0.0321533307,1567.10181
0.0322140008,1565.64478
0.0322746709,1564.18408
0.0323353335,1562.72339
0.0323960036,1561.24548
0.0324566662,1559.76355
0.0325173363,1558.28162
0.0325779989,1556.78162
0.032638669,1555.27698
0.0326993316,1553.77234
0.0327600017,1552.25171
0.0328206643,1550.72632
0.0328813344,1549.20093
0.0329419971,1547.65955
0.0330026671,1546.11169
0.0330633372,1544.56409
0.0331239998,1543.00293
0.0331846699,1541.43494
0.0332453325,1539.86682
0.0333060026,1538.28601
0.0333666652,1536.69629
0.0334273353,1535.10657
0.0334879979,1533.5061
0.033548668,1531.8949
0.0336093307,1530.28369
0.0336700007,1528.66394
0.0337306708,1527.03137
0.0337913334,1525.3988
0.0338520035,1523.76001
0.0339126661,1522.10486
0.0339733362,1520.44971
0.0340339988,1518.7915
0.0340946689,1517.1156
0.0341553316,1515.4397
0.0342160016,1513.76379
0.0342766643,1512.06738
0.0343373343,1510.37085
0.034397997,1508.67444
0.034458667,1506.95959
0.0345193371,1505.24121
0.0345799997,1503.52295
0.0346406698,1501.79028
0.0347013324,1500.05029
0.0347620025,1498.31018
0.0348226652,1496.56018
0.0348833352,1494.79883
0.0349439979,1493.03735
0.0350046679,1491.27051
0.0350653306,1489.48792
0.0351260006,1487.70532
0.0351866707,1485.92188
0.0352473333,1484.11841
0.0353080034,1482.31482
0.0353686661,1480.51135
0.0354293361,1478.69019
0.0354899988,1476.86438
0.0355506688,1475.03857
0.0356113315,1473.20178
0.0356720015,1471.35559
0.0357326642,1469.5094
0.0357933342,1467.65735
0.0358539969,1465.78943
0.035914667,1463.92139
0.035975337,1462.05347
0.0360359997,1460.16431
0.0360966697,1458.27502
0.0361573324,1456.38562
0.0362180024,1454.48157
0.0362786651,1452.57092
0.0363393351,1450.66028
0.0363999978,1448.74182
0.0364606678,1446.81006
0.0365213305,1444.87842
0.0365820006,1442.9458
0.0366426706,1440.99341
0.0367033333,1439.04102
0.0367640033,1437.08862
0.036824666,1435.12183
0.036885336,1433.14893
0.0369459987,1431.17603
0.0370066687,1429.19641
0.0370673314,1427.20312
0.0371280015,1425.20996
0.0371886641,1423.21667
0.0372493342,1421.20154
0.0373100042,1419.1853
0.0373706669,1417.16907
0.0374313369,1415.14185
0.0374919996,1413.10571
0.0375526696,1411.0697
0.0376133323,1409.03076
0.0376740023,1406.97522
0.037734665,1404.91968
0.0377953351,1402.86426
0.0378559977,1400.7926
0.0379166678,1398.71472
0.0379773304,1396.63696
0.0380380005,1394.55322
0.0380986705,1392.45496
0.0381593332,1390.35657
0.0382200032,1388.25818
0.0382806659,1386.14331
0.038341336,1384.02466
0.0384019986,1381.90601
0.0384626687,1379.78052
0.0385233313,1377.64172
0.0385840014,1375.50305
0.038644664,1373.36426
0.0387053341,1371.20874
0.0387660041,1369.05005
0.0388266668,1366.8916
0.0388873369,1364.72595
0.0389479995,1362.54626
0.0390086696,1360.3667
0.0390693322,1358.18713
0.0391300023,1355.99182
0.0391906649,1353.79297
0.039251335,1351.59399
0.0393119976,1349.38953
0.0393726677,1347.17004
0.0394333303,1344.95068
0.0394940004,1342.73108
0.0395546705,1340.49719
0.0396153331,1338.25745
0.0396760032,1336.01782
0.0397366658,1333.77551
0.0397973359,1331.51721
0.0398579985,1329.25879
0.0399186686,1327.00049
0.0399793312,1324.73132
0.0400400013,1322.45312
0.0401006639,1320.17493
0.040161334,1317.89673
0.0402220041,1315.60144
0.0402826667,1313.30493
0.0403433368,1311.00854
0.0404039994,1308.7063
0.0404646695,1306.39062
0.0405253321,1304.07483
0.0405860022,1301.75916
0.0406466648,1299.43091
0.0407073349,1297.09607
0.0407679975,1294.76123
0.0408286676,1292.42639
0.0408893302,1290.07275
0.0409500003,1287.71887
0.0410106704,1285.36523
0.041071333,1283.00549
0.0411320031,1280.63318
0.0411926657,1278.26074
0.0412533358,1275.88843
0.0413139984,1273.50537
0.0413746685,1271.11597
0.0414353311,1268.72656
0.0414960012,1266.33716
0.0415566638,1263.93115
0.0416173339,1261.52344
0.041678004,1259.11584
0.0417386666,1256.70508
0.0417993367,1254.27942
0.0418599993,1251.85376
0.0419206694,1249.42822
0.041981332,1246.995
0.0420420021,1244.55164
0.0421026647,1242.10828
0.0421633348,1239.66492
0.0422239974,1237.21094
0.0422846675,1234.75134
0.0423453376,1232.29163
0.0424060002,1229.83203
0.0424666703,1227.35852
0.0425273329,1224.88293
0.042588003,1222.40735
0.0426486656,1219.93066
0.0427093357,1217.43799
0.0427699983,1214.94531
0.0428306684,1212.45264
0.042891331,1209.95618
0.0429520011,1207.44788
0.0430126637,1204.93958
0.0430733338,1202.43103
0.0431340039,1199.9165
0.0431946665,1197.39282
0.0432553366,1194.86926
0.0433159992,1192.34558
0.0433766693,1189.8136
0.0434373319,1187.27478
0.043498002,1184.73596
0.0435586646,1182.19727
0.0436193347,1179.64832
0.0436799973,1177.09448
0.0437406674,1174.54065
0.0438013375,1171.98682
0.0438620001,1169.42139
0.0439226702,1166.85278
0.0439833328,1164.28418
0.0440440029,1161.71545
0.0441046655,1159.13538
0.0441653356,1156.55347
0.0442259982,1153.97156
0.0442866683,1151.38965
0.0443473309,1148.79663
0.044408001,1146.20276
